{"cameraMode":{"drawMode":0,"name":"Shaded","section":"Shading Mode"},"sceneLighting":true,"audioPlay":false,"sceneViewState":{"m_AlwaysRefresh":false,"showFog":true,"showSkybox":true,"showFlares":true,"showImageEffects":true,"showParticleSystems":true,"showVisualEffectGraphs":true,"m_FxEnabled":true},"in2DMode":false,"pivot":{"x":541.1741943359375,"y":1.5225213766098023,"z":573.2910766601563},"rotation":{"x":-0.008593078702688218,"y":-0.9962286353111267,"z":0.04627678543329239,"w":-0.10002099722623825},"size":2.0977060794830324,"orthographic":true}