{"cameraMode":{"drawMode":0,"name":"Shaded","section":"Shading Mode"},"sceneLighting":true,"audioPlay":false,"sceneViewState":{"m_AlwaysRefresh":false,"showFog":true,"showSkybox":true,"showFlares":true,"showImageEffects":true,"showParticleSystems":true,"showVisualEffectGraphs":true,"m_FxEnabled":true},"in2DMode":false,"pivot":{"x":554.9216918945313,"y":287.8356628417969,"z":0.8671351075172424},"rotation":{"x":-0.02485337294638157,"y":0.009452135302126408,"z":-0.0006965193315409124,"w":-1.0018030405044556},"size":126.88595581054688,"orthographic":true}