{"cameraMode":{"drawMode":0,"name":"Shaded","section":"Shading Mode"},"sceneLighting":true,"audioPlay":false,"sceneViewState":{"m_AlwaysRefresh":false,"showFog":true,"showSkybox":true,"showFlares":true,"showImageEffects":true,"showParticleSystems":true,"showVisualEffectGraphs":true,"m_FxEnabled":true},"in2DMode":false,"pivot":{"x":618.7999877929688,"y":1.3768353462219239,"z":600.0220947265625},"rotation":{"x":-0.3413859009742737,"y":0.02802608720958233,"z":-0.012284157797694207,"w":-0.9418056607246399},"size":3.500983476638794,"orthographic":true}